"fromDexID, toDexID, method"
252,253,16
253,254,36
255,256,16
256,257,36
258,259,16
259,260,36
261,262,18
263,264,20
265,266,7
265,268,7
266,267,10
268,269,10
270,271,14
271,272,46
273,274,14
274,275,33
276,277,22
278,279,25
280,281,20
281,282,30
283,284,22
285,286,23
287,288,18
288,289,36
63,64,16
64,65,1
290,291,20
290,292,1
293,294,20
294,295,40
296,297,24
118,119,33
129,130,20
298,183,
183,184,18
74,75,25
75,76,1
300,301,31
41,42,22
42,169,
72,73,30
304,305,32
305,306,42
66,67,28
67,68,1
307,308,37
309,310,26
81,82,30
100,101,30
43,44,21
44,45,33
44,182,31
84,85,31
316,317,26
318,319,30
320,321,40
322,323,33
218,219,38
88,89,38
109,110,35
325,326,32
27,28,22
328,329,35
329,330,45
331,332,32
333,334,35
339,340,30
341,342,30
343,344,36
345,346,40
347,348,40
174,39,
39,40,31
349,350,
120,121,43
353,354,37
355,356,37
37,38,33
172,25,
25,26,33
54,55,33
360,202,15
177,178,25
231,232,25
111,112,42
361,362,42
363,364,32
364,365,44
366,367,1
366,368,1
170,171,27
116,117,32
117,230,1
371,372,30
372,373,50
374,375,20
375,376,45
